model_name,fold,dice_bce_focal,train_metric,val_metric,test_metric,train_loss,val_loss,test_loss,stopped_epoch,mse_vector_loss,transform,weight_decay,stop_patience,scheduler_patience,scheduler_factor,lr,loss_weight,loss_type,dataset,mse_vector_loss_y,jensen_vector_y
unetpp_efficientnet-b3,2,"1, 0, 0",0.6445630498421497,0.7005088008367099,0.7005088008367099,0.3554369509220123,0.2994911877008585,0.2994911877008585,0,375.24191049429083,./transforms/train_transform512.yml,5e-06,25,12,0.1,0.0003,0.999,axis_sum,inbreast,724.3932542067308,26.72475697444035
unetpp_efficientnet-b3,3,"1, 0, 1",0.8350647825461167,0.6722006660241348,0.6722006660241348,0.17641998349856108,0.3418684613246184,0.3418684613246184,142,178.93554364717926,./transforms/aggressive.yml,5e-06,25,12,0.1,0.0003,0.9990000000000001,axis_sum,inbreast,403.68782424926763,18.872861422025238
unetpp_resnet34,0,"1, 0, 1",0.7663272840854449,0.6462279168459085,0.6462279168459085,0.2431533925044231,0.3795769283404717,0.3795769283404717,103,209.41176781287558,./transforms/aggressive.yml,5e-06,25,12,0.1,0.0003,0.999,axis_sum,inbreast,1031.88521869366,28.40754963801457
unetpp_efficientnet-b3,3,"1, 0, 0",0.4880894223848979,0.378373920917511,0.378373920917511,0.5119105776151022,0.6216260836674616,0.6216260836674616,0,111.20151798541728,./transforms/train_transform512.yml,5e-06,25,12,0.1,0.0003,0.9990000000000001,axis_sum,inbreast,379.36574055598334,19.939450410696175
unetpp_resnet34,1,"1, 0, 1",0.6845654784104763,0.5919031959313613,0.5919031959313613,0.33238912316469044,0.4173611941245886,0.4173611941245886,87,102.29743634737456,./transforms/aggressive.yml,5e-06,25,12,0.1,0.0003,0.999,axis_sum,inbreast,242.54724942720853,18.0799864255465
unetpp_resnet34,2,"1, 0, 1",0.7684554641063397,0.5866870077756735,0.5866870077756735,0.24275022592300025,0.4631061915021677,0.4631061915021677,97,234.31422160221985,./transforms/aggressive.yml,5e-06,25,12,0.1,0.0003,0.9990000000000001,axis_sum,inbreast,399.0233630400437,14.812123225285456
unetpp_resnet34,3,"1, 0, 1",0.7556023001670837,0.5466832495652713,0.5466832495652713,0.2528405072979438,0.4814213869663385,0.4814213869663385,99,108.70341300964355,./transforms/aggressive.yml,5e-06,25,12,0.1,0.0003,0.999,axis_sum,inbreast,159.84241426908054,12.325576855586126
